"","TraitID","TraitName","AccSpeciesID","AccSpeciesName","ObservationID","OrigValueStr","OrigUnitStr","StdValue","UnitName","ErrorRisk"
"118575","70","Litter nitrogen (N) content per litter dry mass","294","Acacia doratoxylon","172581","2.0055400585776","%","20.055400585776","mg/g","3.03044"
"118576","73","Litter lignin content per litter dry mass","294","Acacia doratoxylon","172581","27.18223829666","%","","",""
"118600","70","Litter nitrogen (N) content per litter dry mass","364","Acacia havilandiorum","172582","1.45617389135905","%","14.5617389135905","mg/g","2.69245"
"118601","73","Litter lignin content per litter dry mass","364","Acacia havilandiorum","172582","15.2230375342959","%","","",""
"118624","73","Litter lignin content per litter dry mass","59432","Allocasuarina sp","172583","27.2873029338866","%","","",""
"118648","70","Litter nitrogen (N) content per litter dry mass","5968","Astrotricha floccosa","172584","1.58779052672553","%","15.8779052672553","mg/g","1.95171"
"118649","73","Litter lignin content per litter dry mass","5968","Astrotricha floccosa","172584","14.3173030982978","%","","",""
"118673","70","Litter nitrogen (N) content per litter dry mass","6858","Banksia marginata","172585","0.849621729537849","%","8.49621729537849","mg/g","2.66304"
"118674","73","Litter lignin content per litter dry mass","6858","Banksia marginata","172585","24.3337472012225","%","","",""
"118698","70","Litter nitrogen (N) content per litter dry mass","7294","Bertya cunninghamii","172586","1.91212311984815","%","19.1212311984815","mg/g","2.13104"
"118722","70","Litter nitrogen (N) content per litter dry mass","7370","Beyeria opaca","172587","1.72361640725961","%","17.2361640725961","mg/g","3.75545"
"118723","73","Litter lignin content per litter dry mass","7370","Beyeria opaca","172587","14.136888191956","%","","",""
"118747","70","Litter nitrogen (N) content per litter dry mass","909","Achillea millefolium","172588","0.95685","%","9.5685","mg/g","1.00103"
"118748","73","Litter lignin content per litter dry mass","909","Achillea millefolium","172588","7.53666666666667","%","","",""
"118772","70","Litter nitrogen (N) content per litter dry mass","2712","Alnus incana","172589","2.387725","%","23.87725","mg/g","2.70684"
"118773","73","Litter lignin content per litter dry mass","2712","Alnus incana","172589","15.8933333333333","%","","",""
"118796","70","Litter nitrogen (N) content per litter dry mass","3515","Andromeda polifolia","172590","0.650025","%","6.50025","mg/g","0.560302"
"118797","73","Litter lignin content per litter dry mass","3515","Andromeda polifolia","172590","26.52","%","","",""
"118820","70","Litter nitrogen (N) content per litter dry mass","3738","Angelica sylvestris","172591","1.117825","%","11.17825","mg/g","0.723113"
"118843","70","Litter nitrogen (N) content per litter dry mass","4045","Anthriscus sylvestris","172592","1.472075","%","14.72075","mg/g","0.774092"
"118844","73","Litter lignin content per litter dry mass","4045","Anthriscus sylvestris","172592","12.1366666666667","%","","",""
"118867","70","Litter nitrogen (N) content per litter dry mass","59056","Arctostaphylos alpinus","172593","0.775125","%","7.75125","mg/g","0.344331"
"118868","73","Litter lignin content per litter dry mass","59056","Arctostaphylos alpinus","172593","8.19333333333333","%","","",""
"118891","70","Litter nitrogen (N) content per litter dry mass","5808","Astragalus alpinus","172594","3.93675","%","39.3675","mg/g","2.64411"
"118914","70","Litter nitrogen (N) content per litter dry mass","5840","Astragalus frigidus","172595","2.5814","%","25.814","mg/g","1.69097"
"118915","73","Litter lignin content per litter dry mass","5840","Astragalus frigidus","172595","8.17666666666667","%","","",""
"118938","70","Litter nitrogen (N) content per litter dry mass","6930","Bartsia alpina","172596","2.001325","%","20.01325","mg/g","1.27548"
"118939","73","Litter lignin content per litter dry mass","6930","Bartsia alpina","172596","12.6566666666667","%","","",""
"118962","70","Litter nitrogen (N) content per litter dry mass","7350","Betula nana","172597","0.739625","%","7.39625","mg/g","0.990683"
"118963","73","Litter lignin content per litter dry mass","7350","Betula nana","172597","16.355","%","","",""
"118986","70","Litter nitrogen (N) content per litter dry mass","7359","Betula pubescens","172598","0.945325","%","9.45325","mg/g","0.81392"
"118987","73","Litter lignin content per litter dry mass","7359","Betula pubescens","172598","15.89","%","","",""
"119010","70","Litter nitrogen (N) content per litter dry mass","9228","Calamagrostis lapponica","172599","0.477075","%","4.77075","mg/g","1.99586"
"119011","73","Litter lignin content per litter dry mass","9228","Calamagrostis lapponica","172599","3.08333333333333","%","","",""
"119034","70","Litter nitrogen (N) content per litter dry mass","9768","Caltha palustris","172600","1.5183","%","15.183","mg/g","1.28002"
"119035","73","Litter lignin content per litter dry mass","9768","Caltha palustris","172600","10.1466666666667","%","","",""
"119058","70","Litter nitrogen (N) content per litter dry mass","10400","Carex capitata","172601","0.839775","%","8.39775","mg/g","0.960235"
"119081","70","Litter nitrogen (N) content per litter dry mass","10647","Carex rostrata","172602","0.71365","%","7.1365","mg/g","1.68606"
"119082","73","Litter lignin content per litter dry mass","10647","Carex rostrata","172602","5.63333333333333","%","","",""
"119105","70","Litter nitrogen (N) content per litter dry mass","10654","Carex saxatilis","172603","1.011075","%","10.11075","mg/g","0.314674"
"119128","70","Litter nitrogen (N) content per litter dry mass","10701","Carex vaginata","172604","0.7414","%","7.414","mg/g","1.51593"
"119129","73","Litter lignin content per litter dry mass","10701","Carex vaginata","172604","4.32","%","","",""
"119152","70","Litter nitrogen (N) content per litter dry mass","11037","Cassiope tetragona","172605","0.869325","%","8.69325","mg/g","0.426396"
"119153","73","Litter lignin content per litter dry mass","11037","Cassiope tetragona","172605","26.08","%","","",""
"119176","70","Litter nitrogen (N) content per litter dry mass","20801","Epilobium angustifolium","172606","1.02545","%","10.2545","mg/g","0.94708"
"119177","73","Litter lignin content per litter dry mass","20801","Epilobium angustifolium","172606","4.99333333333333","%","","",""
"119200","70","Litter nitrogen (N) content per litter dry mass","14602","Cornus suecica","172607","0.571575","%","5.71575","mg/g","1.34277"
"119201","73","Litter lignin content per litter dry mass","14602","Cornus suecica","172607","2.74333333333333","%","","",""
"119224","70","Litter nitrogen (N) content per litter dry mass","17365","Deschampsia cespitosa","172608","0.5562","%","5.562","mg/g","1.5651"
"119247","70","Litter nitrogen (N) content per litter dry mass","18643","Diphasiastrum complanatum","172609","0.96505","%","9.6505","mg/g","0.503604"
"119248","73","Litter lignin content per litter dry mass","18643","Diphasiastrum complanatum","172609","11.7","%","","",""
"119271","70","Litter nitrogen (N) content per litter dry mass","19347","Drosera rotundifolia","172610","2.223275","%","22.23275","mg/g","1.44717"
"119294","70","Litter nitrogen (N) content per litter dry mass","19375","Dryas octopetala","172611","0.856275","%","8.56275","mg/g","0.949988"
"119317","70","Litter nitrogen (N) content per litter dry mass","20359","Elymus repens","172612","0.61635","%","6.1635","mg/g","1.27685"
"119340","70","Litter nitrogen (N) content per litter dry mass","20484","Empetrum nigrum","172613","0.68705","%","6.8705","mg/g","0.469871"
"119341","73","Litter lignin content per litter dry mass","20484","Empetrum nigrum","172613","18.9633333333333","%","","",""
"119364","70","Litter nitrogen (N) content per litter dry mass","20939","Equisetum sylvaticum","172614","1.2294","%","12.294","mg/g","0.480012"
"119365","73","Litter lignin content per litter dry mass","20939","Equisetum sylvaticum","172614","25.7733333333333","%","","",""
"119388","70","Litter nitrogen (N) content per litter dry mass","21805","Eriophorum angustifolium","172615","0.761025","%","7.61025","mg/g","0.596605"
"119389","73","Litter lignin content per litter dry mass","21805","Eriophorum angustifolium","172615","15.4566666666667","%","","",""
"119412","70","Litter nitrogen (N) content per litter dry mass","23650","Euphrasia frigida","172616","4.10375","%","41.0375","mg/g","2.65384"
"119413","73","Litter lignin content per litter dry mass","23650","Euphrasia frigida","172616","11.27","%","","",""
"119436","70","Litter nitrogen (N) content per litter dry mass","24995","Filipendula ulmaria","172617","0.99275","%","9.9275","mg/g","1.03769"
"119437","73","Litter lignin content per litter dry mass","24995","Filipendula ulmaria","172617","12.2833333333333","%","","",""
"119460","70","Litter nitrogen (N) content per litter dry mass","26097","Geranium sylvaticum","172618","0.638425","%","6.38425","mg/g","2.17757"
"119461","73","Litter lignin content per litter dry mass","26097","Geranium sylvaticum","172618","6.90333333333333","%","","",""
"119484","70","Litter nitrogen (N) content per litter dry mass","27329","Gymnocarpium dryopteris","172619","0.670625","%","6.70625","mg/g","1.18743"
"119485","73","Litter lignin content per litter dry mass","27329","Gymnocarpium dryopteris","172619","25.67","%","","",""
"119508","70","Litter nitrogen (N) content per litter dry mass","31452","Juncus arcticus","172620","0.568575","%","5.68575","mg/g","1.91316"
"119509","73","Litter lignin content per litter dry mass","31452","Juncus arcticus","172620","6.44333333333333","%","","",""
"119532","70","Litter nitrogen (N) content per litter dry mass","31531","Juncus trifidus","172621","1.042675","%","10.42675","mg/g","0.791446"
"119533","73","Litter lignin content per litter dry mass","31531","Juncus trifidus","172621","7.62","%","","",""
"119556","70","Litter nitrogen (N) content per litter dry mass","31556","Juniperus communis","172622","0.838725","%","8.38725","mg/g","0.491206"
"119557","73","Litter lignin content per litter dry mass","31556","Juniperus communis","172622","23.2833333333333","%","","",""
"119580","70","Litter nitrogen (N) content per litter dry mass","32499","Lathyrus pratensis","172623","2.931425","%","29.31425","mg/g","1.89855"
"119603","70","Litter nitrogen (N) content per litter dry mass","34502","Luzula multiflora","172624","0.920975","%","9.20975","mg/g","0.11679"
"119626","70","Litter nitrogen (N) content per litter dry mass","34579","Lycopodium annotinum","172625","0.67475","%","6.7475","mg/g","1.17151"
"119627","73","Litter lignin content per litter dry mass","34579","Lycopodium annotinum","172625","18.47","%","","",""
"119650","70","Litter nitrogen (N) content per litter dry mass","35682","Matteuccia struthiopteris","172626","1.0059","%","10.059","mg/g","0.15247"
"119651","73","Litter lignin content per litter dry mass","35682","Matteuccia struthiopteris","172626","34.5866666666667","%","","",""
"119674","70","Litter nitrogen (N) content per litter dry mass","35996","Melampyrum sylvaticum","172627","2.03755","%","20.3755","mg/g","1.30476"
"119675","73","Litter lignin content per litter dry mass","35996","Melampyrum sylvaticum","172627","8.93666666666667","%","","",""
"119698","70","Litter nitrogen (N) content per litter dry mass","39339","Orthilia secunda","172628","1.1316","%","11.316","mg/g","1.16654"
"119699","73","Litter lignin content per litter dry mass","39339","Orthilia secunda","172628","28.59","%","","",""
"119722","70","Litter nitrogen (N) content per litter dry mass","40696","Pedicularis hirsuta","172629","2.50515","%","25.0515","mg/g","1.64203"
"119723","73","Litter lignin content per litter dry mass","40696","Pedicularis hirsuta","172629","27.37","%","","",""
"119746","70","Litter nitrogen (N) content per litter dry mass","40698","Pedicularis lapponica","172630","1.8137","%","18.137","mg/g","1.11478"
"119747","73","Litter lignin content per litter dry mass","40698","Pedicularis lapponica","172630","27.07","%","","",""
"119770","70","Litter nitrogen (N) content per litter dry mass","40706","Pedicularis sceptrum-carolinum","172631","1.4756","%","14.756","mg/g","1.16693"
"119771","73","Litter lignin content per litter dry mass","40706","Pedicularis sceptrum-carolinum","172631","30.19","%","","",""
"119794","70","Litter nitrogen (N) content per litter dry mass","41540","Phleum alpinum","172632","1.04575","%","10.4575","mg/g","0.228662"
"119817","70","Litter nitrogen (N) content per litter dry mass","41907","Picea abies","172633","0.60115","%","6.0115","mg/g","2.47265"
"119818","73","Litter lignin content per litter dry mass","41907","Picea abies","172633","14.3466666666667","%","","",""
"119841","70","Litter nitrogen (N) content per litter dry mass","42090","Pinguicula vulgaris","172634","1.414","%","14.14","mg/g","0.708386"
"119864","70","Litter nitrogen (N) content per litter dry mass","42185","Pinus sylvestris","172635","0.71615","%","7.1615","mg/g","2.21997"
"119865","73","Litter lignin content per litter dry mass","42185","Pinus sylvestris","172635","19.2733333333333","%","","",""
"119888","70","Litter nitrogen (N) content per litter dry mass","7474","Bistorta vivipara","172636","0.7739","%","7.739","mg/g","1.61121"
"119889","73","Litter lignin content per litter dry mass","7474","Bistorta vivipara","172636","30.0066666666667","%","","",""
"119912","70","Litter nitrogen (N) content per litter dry mass","61672","Polytrichum commune","172637","0.87895","%","8.7895","mg/g","0.322069"
"119913","73","Litter lignin content per litter dry mass","61672","Polytrichum commune","172637","35.39","%","","",""
"119936","70","Litter nitrogen (N) content per litter dry mass","43532","Populus tremula","172638","0.56345","%","5.6345","mg/g","0.861918"
"119937","73","Litter lignin content per litter dry mass","43532","Populus tremula","172638","8.36","%","","",""
"119960","70","Litter nitrogen (N) content per litter dry mass","46078","Rhinanthus minor","172639","3.2544","%","32.544","mg/g","2.06917"
"119961","73","Litter lignin content per litter dry mass","46078","Rhinanthus minor","172639","4.30333333333333","%","","",""
"119984","70","Litter nitrogen (N) content per litter dry mass","46137","Rhodiola rosea","172640","1.14705","%","11.4705","mg/g","0.366829"
"120007","70","Litter nitrogen (N) content per litter dry mass","46194","Rhododendron lapponicum","172641","0.549275","%","5.49275","mg/g","1.42877"
"120008","73","Litter lignin content per litter dry mass","46194","Rhododendron lapponicum","172641","9.4","%","","",""
"120031","70","Litter nitrogen (N) content per litter dry mass","46534","Ribes spicatum","172642","1.025725","%","10.25725","mg/g","1.47438"
"120032","73","Litter lignin content per litter dry mass","46534","Ribes spicatum","172642","11.7433333333333","%","","",""
"120055","70","Litter nitrogen (N) content per litter dry mass","46963","Rubus chamaemorus","172643","1.45395","%","14.5395","mg/g","0.753868"
"120056","73","Litter lignin content per litter dry mass","46963","Rubus chamaemorus","172643","14.2633333333333","%","","",""
"120079","70","Litter nitrogen (N) content per litter dry mass","47326","Rubus saxatilis","172644","0.72885","%","7.2885","mg/g","2.52252"
"120102","70","Litter nitrogen (N) content per litter dry mass","47498","Rumex obtusifolius","172645","1.6268","%","16.268","mg/g","1.59488"
"120103","73","Litter lignin content per litter dry mass","47498","Rumex obtusifolius","172645","31.6866666666667","%","","",""
"120126","70","Litter nitrogen (N) content per litter dry mass","47853","Salix herbacea","172646","1.100775","%","11.00775","mg/g","1.01795"
"120149","70","Litter nitrogen (N) content per litter dry mass","47867","Salix lapponum","172647","1.295775","%","12.95775","mg/g","1.47576"
"120150","73","Litter lignin content per litter dry mass","47867","Salix lapponum","172647","16.6033333333333","%","","",""
"120173","70","Litter nitrogen (N) content per litter dry mass","47889","Salix myrsinites","172648","0.58225","%","5.8225","mg/g","2.68015"
"120174","73","Litter lignin content per litter dry mass","47889","Salix myrsinites","172648","6.90333333333333","%","","",""
"120196","70","Litter nitrogen (N) content per litter dry mass","47910","Salix polaris","172649","1.0818","%","10.818","mg/g","0.969137"
"120219","70","Litter nitrogen (N) content per litter dry mass","47919","Salix reticulata","172650","0.58565","%","5.8565","mg/g","2.65418"
"120242","70","Litter nitrogen (N) content per litter dry mass","50905","Solidago virgaurea","172651","1.270275","%","12.70275","mg/g","0.533404"
"120243","73","Litter lignin content per litter dry mass","50905","Solidago virgaurea","172651","5.91","%","","",""
"120266","70","Litter nitrogen (N) content per litter dry mass","50997","Sorbus aucuparia","172652","0.682425","%","6.82425","mg/g","3.07376"
"120267","73","Litter lignin content per litter dry mass","50997","Sorbus aucuparia","172652","4.05","%","","",""
"120290","70","Litter nitrogen (N) content per litter dry mass","53018","Tanacetum vulgare","172653","1.117675","%","11.17675","mg/g","0.597622"
"120291","73","Litter lignin content per litter dry mass","53018","Tanacetum vulgare","172653","9.05","%","","",""
"120314","70","Litter nitrogen (N) content per litter dry mass","54991","Trifolium pratense","172654","3.0501","%","30.501","mg/g","2.00919"
"120315","73","Litter lignin content per litter dry mass","54991","Trifolium pratense","172654","10.29","%","","",""
"120338","70","Litter nitrogen (N) content per litter dry mass","55291","Trollius europaeus","172655","1.4343","%","14.343","mg/g","0.731655"
"120339","73","Litter lignin content per litter dry mass","55291","Trollius europaeus","172655","8.23666666666667","%","","",""
"120362","70","Litter nitrogen (N) content per litter dry mass","55736","Vaccinium myrtillus","172656","0.6912","%","6.912","mg/g","1.39876"
"120363","73","Litter lignin content per litter dry mass","55736","Vaccinium myrtillus","172656","11.4133333333333","%","","",""
"120386","70","Litter nitrogen (N) content per litter dry mass","55752","Vaccinium uliginosum","172657","0.478425","%","4.78425","mg/g","1.90909"
"120387","73","Litter lignin content per litter dry mass","55752","Vaccinium uliginosum","172657","24.9","%","","",""
"120410","70","Litter nitrogen (N) content per litter dry mass","55754","VACCINIUM VITIS-IDAEA","172658","0.831725","%","8.31725","mg/g","0.557311"
"120411","73","Litter lignin content per litter dry mass","55754","VACCINIUM VITIS-IDAEA","172658","31.2933333333333","%","","",""
"120434","70","Litter nitrogen (N) content per litter dry mass","56229","Veronica alpina","172659","1.485125","%","14.85125","mg/g","1.5587"
"120457","70","Litter nitrogen (N) content per litter dry mass","56356","Vicia cracca","172660","3.14785","%","31.4785","mg/g","2.01635"
"120458","73","Litter lignin content per litter dry mass","56356","Vicia cracca","172660","12.84","%","","",""
"120481","70","Litter nitrogen (N) content per litter dry mass","909","Achillea millefolium","172661","0.95685","%","9.5685","mg/g","1.00103"
"120482","73","Litter lignin content per litter dry mass","909","Achillea millefolium","172661","7.53666666666667","%","","",""
"120506","70","Litter nitrogen (N) content per litter dry mass","2712","Alnus incana","172662","2.387725","%","23.87725","mg/g","2.70684"
"120507","73","Litter lignin content per litter dry mass","2712","Alnus incana","172662","15.8933333333333","%","","",""
"120530","70","Litter nitrogen (N) content per litter dry mass","3515","Andromeda polifolia","172663","0.650025","%","6.50025","mg/g","0.560302"
"120531","73","Litter lignin content per litter dry mass","3515","Andromeda polifolia","172663","26.52","%","","",""
"120554","70","Litter nitrogen (N) content per litter dry mass","3738","Angelica sylvestris","172664","1.117825","%","11.17825","mg/g","0.723113"
"120577","70","Litter nitrogen (N) content per litter dry mass","4045","Anthriscus sylvestris","172665","1.472075","%","14.72075","mg/g","0.774092"
"120578","73","Litter lignin content per litter dry mass","4045","Anthriscus sylvestris","172665","12.1366666666667","%","","",""
"120601","70","Litter nitrogen (N) content per litter dry mass","59056","Arctostaphylos alpinus","172666","0.775125","%","7.75125","mg/g","0.344331"
"120602","73","Litter lignin content per litter dry mass","59056","Arctostaphylos alpinus","172666","8.19333333333333","%","","",""
"120625","70","Litter nitrogen (N) content per litter dry mass","5808","Astragalus alpinus","172667","3.93675","%","39.3675","mg/g","2.64411"
"120648","70","Litter nitrogen (N) content per litter dry mass","5840","Astragalus frigidus","172668","2.5814","%","25.814","mg/g","1.69097"
"120649","73","Litter lignin content per litter dry mass","5840","Astragalus frigidus","172668","8.17666666666667","%","","",""
"120672","70","Litter nitrogen (N) content per litter dry mass","6930","Bartsia alpina","172669","2.001325","%","20.01325","mg/g","1.27548"
"120673","73","Litter lignin content per litter dry mass","6930","Bartsia alpina","172669","12.6566666666667","%","","",""
"120696","70","Litter nitrogen (N) content per litter dry mass","7350","Betula nana","172670","0.739625","%","7.39625","mg/g","0.990683"
"120697","73","Litter lignin content per litter dry mass","7350","Betula nana","172670","16.355","%","","",""
"120720","70","Litter nitrogen (N) content per litter dry mass","7359","Betula pubescens","172671","0.945325","%","9.45325","mg/g","0.81392"
"120721","73","Litter lignin content per litter dry mass","7359","Betula pubescens","172671","15.89","%","","",""
"120744","70","Litter nitrogen (N) content per litter dry mass","9228","Calamagrostis lapponica","172672","0.477075","%","4.77075","mg/g","1.99586"
"120745","73","Litter lignin content per litter dry mass","9228","Calamagrostis lapponica","172672","3.08333333333333","%","","",""
"120768","70","Litter nitrogen (N) content per litter dry mass","9768","Caltha palustris","172673","1.5183","%","15.183","mg/g","1.28002"
"120769","73","Litter lignin content per litter dry mass","9768","Caltha palustris","172673","10.1466666666667","%","","",""
"120792","70","Litter nitrogen (N) content per litter dry mass","10400","Carex capitata","172674","0.839775","%","8.39775","mg/g","0.960235"
"120815","70","Litter nitrogen (N) content per litter dry mass","10647","Carex rostrata","172675","0.71365","%","7.1365","mg/g","1.68606"
"120816","73","Litter lignin content per litter dry mass","10647","Carex rostrata","172675","5.63333333333333","%","","",""
"120839","70","Litter nitrogen (N) content per litter dry mass","10654","Carex saxatilis","172676","1.011075","%","10.11075","mg/g","0.314674"
"120862","70","Litter nitrogen (N) content per litter dry mass","10701","Carex vaginata","172677","0.7414","%","7.414","mg/g","1.51593"
"120863","73","Litter lignin content per litter dry mass","10701","Carex vaginata","172677","4.32","%","","",""
"120886","70","Litter nitrogen (N) content per litter dry mass","11037","Cassiope tetragona","172678","0.869325","%","8.69325","mg/g","0.426396"
"120887","73","Litter lignin content per litter dry mass","11037","Cassiope tetragona","172678","26.08","%","","",""
"120910","70","Litter nitrogen (N) content per litter dry mass","20801","Epilobium angustifolium","172679","1.02545","%","10.2545","mg/g","0.94708"
"120911","73","Litter lignin content per litter dry mass","20801","Epilobium angustifolium","172679","4.99333333333333","%","","",""
"120934","70","Litter nitrogen (N) content per litter dry mass","14602","Cornus suecica","172680","0.571575","%","5.71575","mg/g","1.34277"
"120935","73","Litter lignin content per litter dry mass","14602","Cornus suecica","172680","2.74333333333333","%","","",""
"120958","70","Litter nitrogen (N) content per litter dry mass","17365","Deschampsia cespitosa","172681","0.5562","%","5.562","mg/g","1.5651"
"120981","70","Litter nitrogen (N) content per litter dry mass","18643","Diphasiastrum complanatum","172682","0.96505","%","9.6505","mg/g","0.503604"
"120982","73","Litter lignin content per litter dry mass","18643","Diphasiastrum complanatum","172682","11.7","%","","",""
"121005","70","Litter nitrogen (N) content per litter dry mass","19347","Drosera rotundifolia","172683","2.223275","%","22.23275","mg/g","1.44717"
"121028","70","Litter nitrogen (N) content per litter dry mass","19375","Dryas octopetala","172684","0.856275","%","8.56275","mg/g","0.949988"
"121051","70","Litter nitrogen (N) content per litter dry mass","20359","Elymus repens","172685","0.61635","%","6.1635","mg/g","1.27685"
"121074","70","Litter nitrogen (N) content per litter dry mass","20484","Empetrum nigrum","172686","0.68705","%","6.8705","mg/g","0.469871"
"121075","73","Litter lignin content per litter dry mass","20484","Empetrum nigrum","172686","18.9633333333333","%","","",""
"121098","70","Litter nitrogen (N) content per litter dry mass","20939","Equisetum sylvaticum","172687","1.2294","%","12.294","mg/g","0.480012"
"121099","73","Litter lignin content per litter dry mass","20939","Equisetum sylvaticum","172687","25.7733333333333","%","","",""
"121122","70","Litter nitrogen (N) content per litter dry mass","21805","Eriophorum angustifolium","172688","0.761025","%","7.61025","mg/g","0.596605"
"121123","73","Litter lignin content per litter dry mass","21805","Eriophorum angustifolium","172688","15.4566666666667","%","","",""
"121146","70","Litter nitrogen (N) content per litter dry mass","23650","Euphrasia frigida","172689","4.10375","%","41.0375","mg/g","2.65384"
"121147","73","Litter lignin content per litter dry mass","23650","Euphrasia frigida","172689","11.27","%","","",""
"121170","70","Litter nitrogen (N) content per litter dry mass","24995","Filipendula ulmaria","172690","0.99275","%","9.9275","mg/g","1.03769"
"121171","73","Litter lignin content per litter dry mass","24995","Filipendula ulmaria","172690","12.2833333333333","%","","",""
"121194","70","Litter nitrogen (N) content per litter dry mass","26097","Geranium sylvaticum","172691","0.638425","%","6.38425","mg/g","2.17757"
"121195","73","Litter lignin content per litter dry mass","26097","Geranium sylvaticum","172691","6.90333333333333","%","","",""
"121218","70","Litter nitrogen (N) content per litter dry mass","27329","Gymnocarpium dryopteris","172692","0.670625","%","6.70625","mg/g","1.18743"
"121219","73","Litter lignin content per litter dry mass","27329","Gymnocarpium dryopteris","172692","25.67","%","","",""
"121242","70","Litter nitrogen (N) content per litter dry mass","31452","Juncus arcticus","172693","0.568575","%","5.68575","mg/g","1.91316"
"121243","73","Litter lignin content per litter dry mass","31452","Juncus arcticus","172693","6.44333333333333","%","","",""
"121266","70","Litter nitrogen (N) content per litter dry mass","31531","Juncus trifidus","172694","1.042675","%","10.42675","mg/g","0.791446"
"121267","73","Litter lignin content per litter dry mass","31531","Juncus trifidus","172694","7.62","%","","",""
"121290","70","Litter nitrogen (N) content per litter dry mass","31556","Juniperus communis","172695","0.838725","%","8.38725","mg/g","0.491206"
"121291","73","Litter lignin content per litter dry mass","31556","Juniperus communis","172695","23.2833333333333","%","","",""
"121314","70","Litter nitrogen (N) content per litter dry mass","32499","Lathyrus pratensis","172696","2.931425","%","29.31425","mg/g","1.89855"
"121337","70","Litter nitrogen (N) content per litter dry mass","34502","Luzula multiflora","172697","0.920975","%","9.20975","mg/g","0.11679"
"121360","70","Litter nitrogen (N) content per litter dry mass","34579","Lycopodium annotinum","172698","0.67475","%","6.7475","mg/g","1.17151"
"121361","73","Litter lignin content per litter dry mass","34579","Lycopodium annotinum","172698","18.47","%","","",""
"121384","70","Litter nitrogen (N) content per litter dry mass","35682","Matteuccia struthiopteris","172699","1.0059","%","10.059","mg/g","0.15247"
"121385","73","Litter lignin content per litter dry mass","35682","Matteuccia struthiopteris","172699","34.5866666666667","%","","",""
"121408","70","Litter nitrogen (N) content per litter dry mass","35996","Melampyrum sylvaticum","172700","2.03755","%","20.3755","mg/g","1.30476"
"121409","73","Litter lignin content per litter dry mass","35996","Melampyrum sylvaticum","172700","8.93666666666667","%","","",""
"121432","70","Litter nitrogen (N) content per litter dry mass","39339","Orthilia secunda","172701","1.1316","%","11.316","mg/g","1.16654"
"121433","73","Litter lignin content per litter dry mass","39339","Orthilia secunda","172701","28.59","%","","",""
"121456","70","Litter nitrogen (N) content per litter dry mass","40696","Pedicularis hirsuta","172702","2.50515","%","25.0515","mg/g","1.64203"
"121457","73","Litter lignin content per litter dry mass","40696","Pedicularis hirsuta","172702","27.37","%","","",""
"121480","70","Litter nitrogen (N) content per litter dry mass","40698","Pedicularis lapponica","172703","1.8137","%","18.137","mg/g","1.11478"
"121481","73","Litter lignin content per litter dry mass","40698","Pedicularis lapponica","172703","27.07","%","","",""
"121504","70","Litter nitrogen (N) content per litter dry mass","40706","Pedicularis sceptrum-carolinum","172704","1.4756","%","14.756","mg/g","1.16693"
"121505","73","Litter lignin content per litter dry mass","40706","Pedicularis sceptrum-carolinum","172704","30.19","%","","",""
"121528","70","Litter nitrogen (N) content per litter dry mass","41540","Phleum alpinum","172705","1.04575","%","10.4575","mg/g","0.228662"
"121551","70","Litter nitrogen (N) content per litter dry mass","41907","Picea abies","172706","0.60115","%","6.0115","mg/g","2.47265"
"121552","73","Litter lignin content per litter dry mass","41907","Picea abies","172706","14.3466666666667","%","","",""
"121575","70","Litter nitrogen (N) content per litter dry mass","42090","Pinguicula vulgaris","172707","1.414","%","14.14","mg/g","0.708386"
"121598","70","Litter nitrogen (N) content per litter dry mass","42185","Pinus sylvestris","172708","0.71615","%","7.1615","mg/g","2.21997"
"121599","73","Litter lignin content per litter dry mass","42185","Pinus sylvestris","172708","19.2733333333333","%","","",""
"121622","70","Litter nitrogen (N) content per litter dry mass","7474","Bistorta vivipara","172709","0.7739","%","7.739","mg/g","1.61121"
"121623","73","Litter lignin content per litter dry mass","7474","Bistorta vivipara","172709","30.0066666666667","%","","",""
"121646","70","Litter nitrogen (N) content per litter dry mass","61672","Polytrichum commune","172710","0.87895","%","8.7895","mg/g","0.322069"
"121647","73","Litter lignin content per litter dry mass","61672","Polytrichum commune","172710","35.39","%","","",""
"121670","70","Litter nitrogen (N) content per litter dry mass","43532","Populus tremula","172711","0.56345","%","5.6345","mg/g","0.861918"
"121671","73","Litter lignin content per litter dry mass","43532","Populus tremula","172711","8.36","%","","",""
"121694","70","Litter nitrogen (N) content per litter dry mass","46078","Rhinanthus minor","172712","3.2544","%","32.544","mg/g","2.06917"
"121695","73","Litter lignin content per litter dry mass","46078","Rhinanthus minor","172712","4.30333333333333","%","","",""
"121718","70","Litter nitrogen (N) content per litter dry mass","46137","Rhodiola rosea","172713","1.14705","%","11.4705","mg/g","0.366829"
"121741","70","Litter nitrogen (N) content per litter dry mass","46194","Rhododendron lapponicum","172714","0.549275","%","5.49275","mg/g","1.42877"
"121742","73","Litter lignin content per litter dry mass","46194","Rhododendron lapponicum","172714","9.4","%","","",""
"121765","70","Litter nitrogen (N) content per litter dry mass","46534","Ribes spicatum","172715","1.025725","%","10.25725","mg/g","1.47438"
"121766","73","Litter lignin content per litter dry mass","46534","Ribes spicatum","172715","11.7433333333333","%","","",""
"121789","70","Litter nitrogen (N) content per litter dry mass","46963","Rubus chamaemorus","172716","1.45395","%","14.5395","mg/g","0.753868"
"121790","73","Litter lignin content per litter dry mass","46963","Rubus chamaemorus","172716","14.2633333333333","%","","",""
"121813","70","Litter nitrogen (N) content per litter dry mass","47326","Rubus saxatilis","172717","0.72885","%","7.2885","mg/g","2.52252"
"121836","70","Litter nitrogen (N) content per litter dry mass","47498","Rumex obtusifolius","172718","1.6268","%","16.268","mg/g","1.59488"
"121837","73","Litter lignin content per litter dry mass","47498","Rumex obtusifolius","172718","31.6866666666667","%","","",""
"121860","70","Litter nitrogen (N) content per litter dry mass","47853","Salix herbacea","172719","1.100775","%","11.00775","mg/g","1.01795"
"121883","70","Litter nitrogen (N) content per litter dry mass","47867","Salix lapponum","172720","1.295775","%","12.95775","mg/g","1.47576"
"121884","73","Litter lignin content per litter dry mass","47867","Salix lapponum","172720","16.6033333333333","%","","",""
"121907","70","Litter nitrogen (N) content per litter dry mass","47889","Salix myrsinites","172721","0.58225","%","5.8225","mg/g","2.68015"
"121908","73","Litter lignin content per litter dry mass","47889","Salix myrsinites","172721","6.90333333333333","%","","",""
"121930","70","Litter nitrogen (N) content per litter dry mass","47910","Salix polaris","172722","1.0818","%","10.818","mg/g","0.969137"
"121953","70","Litter nitrogen (N) content per litter dry mass","47919","Salix reticulata","172723","0.58565","%","5.8565","mg/g","2.65418"
"121976","70","Litter nitrogen (N) content per litter dry mass","50905","Solidago virgaurea","172724","1.270275","%","12.70275","mg/g","0.533404"
"121977","73","Litter lignin content per litter dry mass","50905","Solidago virgaurea","172724","5.91","%","","",""
"122000","70","Litter nitrogen (N) content per litter dry mass","50997","Sorbus aucuparia","172725","0.682425","%","6.82425","mg/g","3.07376"
"122001","73","Litter lignin content per litter dry mass","50997","Sorbus aucuparia","172725","4.05","%","","",""
"122024","70","Litter nitrogen (N) content per litter dry mass","53018","Tanacetum vulgare","172726","1.117675","%","11.17675","mg/g","0.597622"
"122025","73","Litter lignin content per litter dry mass","53018","Tanacetum vulgare","172726","9.05","%","","",""
"122048","70","Litter nitrogen (N) content per litter dry mass","54991","Trifolium pratense","172727","3.0501","%","30.501","mg/g","2.00919"
"122049","73","Litter lignin content per litter dry mass","54991","Trifolium pratense","172727","10.29","%","","",""
"122072","70","Litter nitrogen (N) content per litter dry mass","55291","Trollius europaeus","172728","1.4343","%","14.343","mg/g","0.731655"
"122073","73","Litter lignin content per litter dry mass","55291","Trollius europaeus","172728","8.23666666666667","%","","",""
"122096","70","Litter nitrogen (N) content per litter dry mass","55736","Vaccinium myrtillus","172729","0.6912","%","6.912","mg/g","1.39876"
"122097","73","Litter lignin content per litter dry mass","55736","Vaccinium myrtillus","172729","11.4133333333333","%","","",""
"122120","70","Litter nitrogen (N) content per litter dry mass","55752","Vaccinium uliginosum","172730","0.478425","%","4.78425","mg/g","1.90909"
"122121","73","Litter lignin content per litter dry mass","55752","Vaccinium uliginosum","172730","24.9","%","","",""
"122144","70","Litter nitrogen (N) content per litter dry mass","55754","VACCINIUM VITIS-IDAEA","172731","0.831725","%","8.31725","mg/g","0.557311"
"122145","73","Litter lignin content per litter dry mass","55754","VACCINIUM VITIS-IDAEA","172731","31.2933333333333","%","","",""
"122168","70","Litter nitrogen (N) content per litter dry mass","56229","Veronica alpina","172732","1.485125","%","14.85125","mg/g","1.5587"
"122191","70","Litter nitrogen (N) content per litter dry mass","56356","Vicia cracca","172733","3.14785","%","31.4785","mg/g","2.01635"
"122192","73","Litter lignin content per litter dry mass","56356","Vicia cracca","172733","12.84","%","","",""
"122213","70","Litter nitrogen (N) content per litter dry mass","4045","Anthriscus sylvestris","172734","1.472075","%","14.72075","mg/g","0.774092"
"122214","73","Litter lignin content per litter dry mass","4045","Anthriscus sylvestris","172734","12.1366666666667","%","","",""
"122235","70","Litter nitrogen (N) content per litter dry mass","59056","Arctostaphylos alpinus","172735","0.775125","%","7.75125","mg/g","0.344331"
"122236","73","Litter lignin content per litter dry mass","59056","Arctostaphylos alpinus","172735","8.19333333333333","%","","",""
"122257","70","Litter nitrogen (N) content per litter dry mass","5840","Astragalus frigidus","172736","2.5814","%","25.814","mg/g","1.69097"
"122258","73","Litter lignin content per litter dry mass","5840","Astragalus frigidus","172736","8.17666666666667","%","","",""
"122279","70","Litter nitrogen (N) content per litter dry mass","6930","Bartsia alpina","172737","2.001325","%","20.01325","mg/g","1.27548"
"122280","73","Litter lignin content per litter dry mass","6930","Bartsia alpina","172737","12.6566666666667","%","","",""
"122301","70","Litter nitrogen (N) content per litter dry mass","7350","Betula nana","172738","0.739625","%","7.39625","mg/g","0.990683"
"122302","73","Litter lignin content per litter dry mass","7350","Betula nana","172738","16.355","%","","",""
"122323","70","Litter nitrogen (N) content per litter dry mass","7359","Betula pubescens","172739","0.945325","%","9.45325","mg/g","0.81392"
"122324","73","Litter lignin content per litter dry mass","7359","Betula pubescens","172739","15.89","%","","",""
"122345","70","Litter nitrogen (N) content per litter dry mass","9228","Calamagrostis lapponica","172740","0.477075","%","4.77075","mg/g","1.99586"
"122346","73","Litter lignin content per litter dry mass","9228","Calamagrostis lapponica","172740","3.08333333333333","%","","",""
"122367","70","Litter nitrogen (N) content per litter dry mass","10647","Carex rostrata","172741","0.71365","%","7.1365","mg/g","1.68606"
"122368","73","Litter lignin content per litter dry mass","10647","Carex rostrata","172741","5.63333333333333","%","","",""
"122389","70","Litter nitrogen (N) content per litter dry mass","20801","Epilobium angustifolium","172742","1.02545","%","10.2545","mg/g","0.94708"
"122390","73","Litter lignin content per litter dry mass","20801","Epilobium angustifolium","172742","4.99333333333333","%","","",""
"122411","70","Litter nitrogen (N) content per litter dry mass","14602","Cornus suecica","172743","0.571575","%","5.71575","mg/g","1.34277"
"122412","73","Litter lignin content per litter dry mass","14602","Cornus suecica","172743","2.74333333333333","%","","",""
"122433","70","Litter nitrogen (N) content per litter dry mass","20484","Empetrum nigrum","172744","0.68705","%","6.8705","mg/g","0.469871"
"122434","73","Litter lignin content per litter dry mass","20484","Empetrum nigrum","172744","18.9633333333333","%","","",""
"122455","70","Litter nitrogen (N) content per litter dry mass","21805","Eriophorum angustifolium","172745","0.761025","%","7.61025","mg/g","0.596605"
"122456","73","Litter lignin content per litter dry mass","21805","Eriophorum angustifolium","172745","15.4566666666667","%","","",""
"122477","70","Litter nitrogen (N) content per litter dry mass","24995","Filipendula ulmaria","172746","0.99275","%","9.9275","mg/g","1.03769"
"122478","73","Litter lignin content per litter dry mass","24995","Filipendula ulmaria","172746","12.2833333333333","%","","",""
"122499","70","Litter nitrogen (N) content per litter dry mass","31452","Juncus arcticus","172747","0.568575","%","5.68575","mg/g","1.91316"
"122500","73","Litter lignin content per litter dry mass","31452","Juncus arcticus","172747","6.44333333333333","%","","",""
"122521","70","Litter nitrogen (N) content per litter dry mass","31556","Juniperus communis","172748","0.838725","%","8.38725","mg/g","0.491206"
"122522","73","Litter lignin content per litter dry mass","31556","Juniperus communis","172748","23.2833333333333","%","","",""
"122543","70","Litter nitrogen (N) content per litter dry mass","35682","Matteuccia struthiopteris","172749","1.0059","%","10.059","mg/g","0.15247"
"122544","73","Litter lignin content per litter dry mass","35682","Matteuccia struthiopteris","172749","34.5866666666667","%","","",""
"122565","70","Litter nitrogen (N) content per litter dry mass","35996","Melampyrum sylvaticum","172750","2.03755","%","20.3755","mg/g","1.30476"
"122566","73","Litter lignin content per litter dry mass","35996","Melampyrum sylvaticum","172750","8.93666666666667","%","","",""
"122587","70","Litter nitrogen (N) content per litter dry mass","40696","Pedicularis hirsuta","172751","2.50515","%","25.0515","mg/g","1.64203"
"122588","73","Litter lignin content per litter dry mass","40696","Pedicularis hirsuta","172751","27.37","%","","",""
"122609","70","Litter nitrogen (N) content per litter dry mass","40698","Pedicularis lapponica","172752","1.8137","%","18.137","mg/g","1.11478"
"122610","73","Litter lignin content per litter dry mass","40698","Pedicularis lapponica","172752","27.07","%","","",""
"122631","70","Litter nitrogen (N) content per litter dry mass","40706","Pedicularis sceptrum-carolinum","172753","1.4756","%","14.756","mg/g","1.16693"
"122632","73","Litter lignin content per litter dry mass","40706","Pedicularis sceptrum-carolinum","172753","30.19","%","","",""
"122653","70","Litter nitrogen (N) content per litter dry mass","42185","Pinus sylvestris","172754","0.71615","%","7.1615","mg/g","2.21997"
"122654","73","Litter lignin content per litter dry mass","42185","Pinus sylvestris","172754","19.2733333333333","%","","",""
"122675","70","Litter nitrogen (N) content per litter dry mass","7474","Bistorta vivipara","172755","0.7739","%","7.739","mg/g","1.61121"
"122676","73","Litter lignin content per litter dry mass","7474","Bistorta vivipara","172755","30.0066666666667","%","","",""
"122697","70","Litter nitrogen (N) content per litter dry mass","43532","Populus tremula","172756","0.56345","%","5.6345","mg/g","0.861918"
"122698","73","Litter lignin content per litter dry mass","43532","Populus tremula","172756","8.36","%","","",""
"122719","70","Litter nitrogen (N) content per litter dry mass","46078","Rhinanthus minor","172757","3.2544","%","32.544","mg/g","2.06917"
"122720","73","Litter lignin content per litter dry mass","46078","Rhinanthus minor","172757","4.30333333333333","%","","",""
"122741","70","Litter nitrogen (N) content per litter dry mass","46963","Rubus chamaemorus","172758","1.45395","%","14.5395","mg/g","0.753868"
"122742","73","Litter lignin content per litter dry mass","46963","Rubus chamaemorus","172758","14.2633333333333","%","","",""
"122763","70","Litter nitrogen (N) content per litter dry mass","47889","Salix myrsinites","172759","0.58225","%","5.8225","mg/g","2.68015"
"122764","73","Litter lignin content per litter dry mass","47889","Salix myrsinites","172759","6.90333333333333","%","","",""
"122784","70","Litter nitrogen (N) content per litter dry mass","47907","Salix phylicifolia","172760","0.648825","%","6.48825","mg/g","2.19729"
"122785","73","Litter lignin content per litter dry mass","47907","Salix phylicifolia","172760","14.69","%","","",""
"122799","70","Litter nitrogen (N) content per litter dry mass","50997","Sorbus aucuparia","172761","0.682425","%","6.82425","mg/g","3.07376"
"122800","73","Litter lignin content per litter dry mass","50997","Sorbus aucuparia","172761","4.05","%","","",""
"122821","70","Litter nitrogen (N) content per litter dry mass","53018","Tanacetum vulgare","172762","1.117675","%","11.17675","mg/g","0.597622"
"122822","73","Litter lignin content per litter dry mass","53018","Tanacetum vulgare","172762","9.05","%","","",""
"122843","70","Litter nitrogen (N) content per litter dry mass","55736","Vaccinium myrtillus","172763","0.6912","%","6.912","mg/g","1.39876"
"122844","73","Litter lignin content per litter dry mass","55736","Vaccinium myrtillus","172763","11.4133333333333","%","","",""
"122865","70","Litter nitrogen (N) content per litter dry mass","55752","Vaccinium uliginosum","172764","0.478425","%","4.78425","mg/g","1.90909"
"122866","73","Litter lignin content per litter dry mass","55752","Vaccinium uliginosum","172764","24.9","%","","",""
"122887","70","Litter nitrogen (N) content per litter dry mass","55754","VACCINIUM VITIS-IDAEA","172765","0.831725","%","8.31725","mg/g","0.557311"
"122888","73","Litter lignin content per litter dry mass","55754","VACCINIUM VITIS-IDAEA","172765","31.2933333333333","%","","",""
"122909","70","Litter nitrogen (N) content per litter dry mass","56356","Vicia cracca","172766","3.14785","%","31.4785","mg/g","2.01635"
"122910","73","Litter lignin content per litter dry mass","56356","Vicia cracca","172766","12.84","%","","",""
"313787","73","Litter lignin content per litter dry mass","30","Abies amabilis","928685","25.4","percent","","",""
"313789","73","Litter lignin content per litter dry mass","32","Abies balsamea","928686","27.6","percent","","",""
"313791","73","Litter lignin content per litter dry mass","39","Abies concolor","928687","17","percent","","",""
"313793","73","Litter lignin content per litter dry mass","39","Abies concolor","928688","16.2","percent","","",""
"313795","73","Litter lignin content per litter dry mass","56","Abies lasiocarpa","928689","26.5","percent","","",""
"313797","73","Litter lignin content per litter dry mass","56","Abies lasiocarpa","928690","14.6","percent","","",""
"313799","73","Litter lignin content per litter dry mass","9622","Calocedrus decurrens","928691","9.6","percent","","",""
"313801","73","Litter lignin content per litter dry mass","41907","Picea abies","928692","34","percent","","",""
"313803","73","Litter lignin content per litter dry mass","41917","Picea engelmannii","928693","26.1","percent","","",""
"313805","73","Litter lignin content per litter dry mass","41917","Picea engelmannii","928694","14.6","percent","","",""
"313807","73","Litter lignin content per litter dry mass","41920","Picea glauca","928695","24.9","percent","","",""
"313809","73","Litter lignin content per litter dry mass","42100","Pinus banksiana","928696","29.3","percent","","",""
"313811","73","Litter lignin content per litter dry mass","42110","Pinus contorta","928697","37.6","percent","","",""
"313813","73","Litter lignin content per litter dry mass","42110","Pinus contorta","928698","25.2","percent","","",""
"313815","73","Litter lignin content per litter dry mass","42110","Pinus contorta","928699","38.1","percent","","",""
"313817","73","Litter lignin content per litter dry mass","42110","Pinus contorta","928700","24.5","percent","","",""
"313819","73","Litter lignin content per litter dry mass","42120","Pinus elliottii","928701","23.7","percent","","",""
"313821","73","Litter lignin content per litter dry mass","42140","Pinus lambertiana","928702","18.3","percent","","",""
"313823","73","Litter lignin content per litter dry mass","42140","Pinus lambertiana","928703","16.4","percent","","",""
"313825","73","Litter lignin content per litter dry mass","42168","Pinus ponderosa","928704","26.1","percent","","",""
"313827","73","Litter lignin content per litter dry mass","42168","Pinus ponderosa","928705","30.9","percent","","",""
"313829","73","Litter lignin content per litter dry mass","42175","Pinus resinosa","928706","27.7","percent","","",""
"313831","73","Litter lignin content per litter dry mass","42184","Pinus strobus","928707","22.5","percent","","",""
"313833","73","Litter lignin content per litter dry mass","42185","Pinus sylvestris","928708","25","percent","","",""
"313835","73","Litter lignin content per litter dry mass","42185","Pinus sylvestris","928709","28.6","percent","","",""
"313837","73","Litter lignin content per litter dry mass","42185","Pinus sylvestris","928710","23.1","percent","","",""
"313839","73","Litter lignin content per litter dry mass","44567","Pseudotsuga menziesii","928711","24","percent","","",""
"313841","73","Litter lignin content per litter dry mass","49729","Sequoiadendron giganteum","928712","20.3","percent","","",""
"313843","73","Litter lignin content per litter dry mass","55327","Tsuga sp","928713","20.6","percent","","",""
"313845","73","Litter lignin content per litter dry mass","859","Acer rubrum","928714","10.5","percent","","",""
"313847","73","Litter lignin content per litter dry mass","859","Acer rubrum","928715","17.3","percent","","",""
"313849","73","Litter lignin content per litter dry mass","859","Acer rubrum","928716","17.2","percent","","",""
"313851","73","Litter lignin content per litter dry mass","859","Acer rubrum","928717","10.1","percent","","",""
"313853","73","Litter lignin content per litter dry mass","863","Acer saccharum","928718","10.5","percent","","",""
"313855","73","Litter lignin content per litter dry mass","863","Acer saccharum","928719","12.1","percent","","",""
"313857","73","Litter lignin content per litter dry mass","863","Acer saccharum","928720","10.1","percent","","",""
"313859","73","Litter lignin content per litter dry mass","2726","Alnus rubra","928721","10.5","percent","","",""
"313861","73","Litter lignin content per litter dry mass","2704","Alnus alnobetula","928722","24.6","percent","","",""
"313863","73","Litter lignin content per litter dry mass","7361","Betula sp","928723","26.3","percent","","",""
"313865","73","Litter lignin content per litter dry mass","7361","Betula sp","928724","33","percent","","",""
"313867","73","Litter lignin content per litter dry mass","7355","Betula papyrifera","928725","14","percent","","",""
"313869","73","Litter lignin content per litter dry mass","7355","Betula papyrifera","928726","20.1","percent","","",""
"313871","73","Litter lignin content per litter dry mass","7355","Betula papyrifera","928727","14.5","percent","","",""
"313873","73","Litter lignin content per litter dry mass","10842","Carya sp","928728","17","percent","","",""
"313875","73","Litter lignin content per litter dry mass","11070","Castanea sp","928729","9","percent","","",""
"313877","73","Litter lignin content per litter dry mass","11068","Castanea sativa","928730","9.2","percent","","",""
"313879","73","Litter lignin content per litter dry mass","11327","Ceanothus sp","928731","10.5","percent","","",""
"313881","73","Litter lignin content per litter dry mass","14574","Cornus florida","928732","6","percent","","",""
"313883","73","Litter lignin content per litter dry mass","23905","Fagus sp","928733","23","percent","","",""
"313885","73","Litter lignin content per litter dry mass","23905","Fagus sp","928734","24.1","percent","","",""
"313887","73","Litter lignin content per litter dry mass","23906","Fagus sylvatica","928735","31.5","percent","","",""
"313889","73","Litter lignin content per litter dry mass","25272","Fraxinus sp","928736","12.2","percent","","",""
"313891","73","Litter lignin content per litter dry mass","25239","Fraxinus americana","928737","12.5","percent","","",""
"313893","73","Litter lignin content per litter dry mass","25240","Fraxinus angustifolia","928738","10.5","percent","","",""
"313895","73","Litter lignin content per litter dry mass","33707","Liriodendron tulipifera","928739","15","percent","","",""
"313897","73","Litter lignin content per litter dry mass","43533","Populus tremuloides","928740","19.4","percent","","",""
"313899","73","Litter lignin content per litter dry mass","43533","Populus tremuloides","928741","21.4","percent","","",""
"313901","73","Litter lignin content per litter dry mass","44391","Prunus pensylvanica","928742","18","percent","","",""
"313903","73","Litter lignin content per litter dry mass","44391","Prunus pensylvanica","928743","19.3","percent","","",""
"313905","73","Litter lignin content per litter dry mass","45315","Quercus alba","928744","17","percent","","",""
"313907","73","Litter lignin content per litter dry mass","45315","Quercus alba","928745","20.2","percent","","",""
"313909","73","Litter lignin content per litter dry mass","45335","Quercus canariensis","928746","15.1","percent","","",""
"313911","73","Litter lignin content per litter dry mass","45349","Quercus coccinea","928747","17","percent","","",""
"313913","73","Litter lignin content per litter dry mass","45402","Quercus ilex","928748","24.2","percent","","",""
"313915","73","Litter lignin content per litter dry mass","45457","Quercus petraea","928749","24","percent","","",""
"313917","73","Litter lignin content per litter dry mass","45431","Quercus michauxii","928750","25.5","percent","","",""
"313919","73","Litter lignin content per litter dry mass","45468","Quercus pyrenaica","928751","14.3","percent","","",""
"313921","73","Litter lignin content per litter dry mass","45473","Quercus rubra","928752","26.7","percent","","",""
"313923","73","Litter lignin content per litter dry mass","45473","Quercus rubra","928753","28.2","percent","","",""
"313925","73","Litter lignin content per litter dry mass","45473","Quercus rubra","928754","24.8","percent","","",""
"313927","73","Litter lignin content per litter dry mass","45490","Quercus suber","928755","18.1","percent","","",""
"313929","73","Litter lignin content per litter dry mass","46621","Robinia pseudoacacia","928756","25.5","percent","","",""
"313931","73","Litter lignin content per litter dry mass","47815","Salix cinerea","928757","18.1","percent","","",""
"313933","73","Litter lignin content per litter dry mass","20359","Elymus repens","928758","12.5","percent","","",""
"313935","73","Litter lignin content per litter dry mass","2050","Agrostis scabra","928759","17.4","percent","","",""
"313937","73","Litter lignin content per litter dry mass","419356","Dactylotaenium sp","928760","7.8","percent","","",""
"313939","73","Litter lignin content per litter dry mass","325621","grass","928761","12","percent","","",""
"313941","73","Litter lignin content per litter dry mass","58846","Grass pasture","928762","12","percent","","",""
"313943","73","Litter lignin content per litter dry mass","61163","Mixed grasses","928763","5.3","percent","","",""
"313945","73","Litter lignin content per litter dry mass","61163","Mixed grasses","928764","4.1","percent","","",""
"313947","73","Litter lignin content per litter dry mass","61163","Mixed grasses","928765","5.4","percent","","",""
"313949","73","Litter lignin content per litter dry mass","61163","Mixed grasses","928766","6.5","percent","","",""
"313951","73","Litter lignin content per litter dry mass","61163","Mixed grasses","928767","6.1","percent","","",""
"313953","73","Litter lignin content per litter dry mass","61163","Mixed grasses","928768","6","percent","","",""
"313955","73","Litter lignin content per litter dry mass","42870","Poa pratensis","928769","10.7","percent","","",""
"313957","73","Litter lignin content per litter dry mass","48859","Schizachyrium scoparium","928770","15.4","percent","","",""
"313959","73","Litter lignin content per litter dry mass","2733","Alnus sp","928771","16.2","percent","","",""
"313961","73","Litter lignin content per litter dry mass","207129","Bearberry","928772","16.6","percent","","",""
"313963","73","Litter lignin content per litter dry mass","11315","Ceanothus megacarpus","928773","19.8","percent","","",""
"313965","73","Litter lignin content per litter dry mass","11315","Ceanothus megacarpus","928774","31.2","percent","","",""
"313967","73","Litter lignin content per litter dry mass","12263","Chilopsis linearis","928775","14.6","percent","","",""
"313969","73","Litter lignin content per litter dry mass","13147","Cistus libanotis","928776","8.8","percent","","",""
"313971","73","Litter lignin content per litter dry mass","25126","Flourensia cernua","928777","9.6","percent","","",""
"313973","73","Litter lignin content per litter dry mass","27719","Halimium halimifolium","928778","8.9","percent","","",""
"313975","73","Litter lignin content per litter dry mass","32387","Larrea tridentata","928779","10.6","percent","","",""
"313977","73","Litter lignin content per litter dry mass","44133","Prosopis glandulosa","928780","7.9","percent","","",""
"313979","73","Litter lignin content per litter dry mass","45348","Quercus coccifera","928781","18.8","percent","","",""
"313981","73","Litter lignin content per litter dry mass","45421","Quercus lusitanica","928782","20.1","percent","","",""
"313983","73","Litter lignin content per litter dry mass","48136","Salvia mellifera","928783","15.6","percent","","",""
"313985","73","Litter lignin content per litter dry mass","48136","Salvia mellifera","928784","16.9","percent","","",""
"313987","73","Litter lignin content per litter dry mass","49913","Shepherdia sp","928785","9.2","percent","","",""
"313989","73","Litter lignin content per litter dry mass","57350","Yucca elata","928786","9.9","percent","","",""
"184232","70","Litter nitrogen (N) content per litter dry mass","43533","Populus tremuloides","1322004","0.571121083925151","%","5.71121083925151","mg/g","0.823959"
"184238","70","Litter nitrogen (N) content per litter dry mass","43533","Populus tremuloides","1322005","0.737842793999909","%","7.37842793999909","mg/g","0.752369"
"184244","70","Litter nitrogen (N) content per litter dry mass","43533","Populus tremuloides","1322006","0.752431388502352","%","7.52431388502352","mg/g","0.861525"
"184250","70","Litter nitrogen (N) content per litter dry mass","43533","Populus tremuloides","1322007","0.792686626843081","%","7.92686626843081","mg/g","1.15209"
"184256","70","Litter nitrogen (N) content per litter dry mass","43533","Populus tremuloides","1322008","0.864080215063323","%","8.64080215063323","mg/g","1.63287"
"184262","70","Litter nitrogen (N) content per litter dry mass","43533","Populus tremuloides","1322009","0.936566449671431","%","9.36566449671431","mg/g","2.08198"
"184268","70","Litter nitrogen (N) content per litter dry mass","43533","Populus tremuloides","1322010","0.488993515624902","%","4.88993515624902","mg/g","1.54113"
"184274","70","Litter nitrogen (N) content per litter dry mass","43533","Populus tremuloides","1322011","0.494510826706971","%","4.94510826706971","mg/g","1.47858"
"184280","70","Litter nitrogen (N) content per litter dry mass","43533","Populus tremuloides","1322012","0.500450986183726","%","5.00450986183726","mg/g","1.41201"
"184286","70","Litter nitrogen (N) content per litter dry mass","43533","Populus tremuloides","1322013","0.655633418222646","%","6.55633418222646","mg/g","0.546278"
"184292","70","Litter nitrogen (N) content per litter dry mass","43533","Populus tremuloides","1322014","0.664520621722408","%","6.64520621722408","mg/g","0.524298"
"184298","70","Litter nitrogen (N) content per litter dry mass","43533","Populus tremuloides","1322015","0.83364388629744","%","8.3364388629744","mg/g","1.43295"
"184304","70","Litter nitrogen (N) content per litter dry mass","43533","Populus tremuloides","1322016","0.947160047968287","%","9.47160047968287","mg/g","2.14468"
"184310","70","Litter nitrogen (N) content per litter dry mass","43533","Populus tremuloides","1322017","0.555668198261064","%","5.55668198261064","mg/g","0.900956"
"184316","70","Litter nitrogen (N) content per litter dry mass","43533","Populus tremuloides","1322018","0.637100877738123","%","6.37100877738123","mg/g","0.593087"
"184322","70","Litter nitrogen (N) content per litter dry mass","43533","Populus tremuloides","1322019","0.716496684046588","%","7.16496684046588","mg/g","0.5887"
"184328","70","Litter nitrogen (N) content per litter dry mass","43533","Populus tremuloides","1322020","0.733077221378193","%","7.33077221378193","mg/g","0.716244"
"184334","70","Litter nitrogen (N) content per litter dry mass","43533","Populus tremuloides","1322021","0.733705983238307","%","7.33705983238307","mg/g","0.721024"
"184340","70","Litter nitrogen (N) content per litter dry mass","43533","Populus tremuloides","1322022","0.744745054713465","%","7.44745054713465","mg/g","0.80428"
"184346","70","Litter nitrogen (N) content per litter dry mass","43533","Populus tremuloides","1322023","0.75301902365491","%","7.5301902365491","mg/g","0.865877"
"184352","70","Litter nitrogen (N) content per litter dry mass","43533","Populus tremuloides","1322024","0.836966717075038","%","8.36966717075038","mg/g","1.45513"
"184358","70","Litter nitrogen (N) content per litter dry mass","43533","Populus tremuloides","1322025","0.439482991455327","%","4.39482991455327","mg/g","2.13627"
"184364","70","Litter nitrogen (N) content per litter dry mass","43533","Populus tremuloides","1322026","0.447113457389906","%","4.47113457389906","mg/g","2.04031"
"184370","70","Litter nitrogen (N) content per litter dry mass","43533","Populus tremuloides","1322027","0.46643537688131","%","4.6643537688131","mg/g","1.80444"
"184376","70","Litter nitrogen (N) content per litter dry mass","43533","Populus tremuloides","1322028","0.472700076793253","%","4.72700076793253","mg/g","1.73006"
"184382","70","Litter nitrogen (N) content per litter dry mass","43533","Populus tremuloides","1322029","0.503687871326774","%","5.03687871326774","mg/g","1.37606"
"184388","70","Litter nitrogen (N) content per litter dry mass","43533","Populus tremuloides","1322030","0.554026349807697","%","5.54026349807697","mg/g","0.909263"
"184394","70","Litter nitrogen (N) content per litter dry mass","43533","Populus tremuloides","1322031","0.686013771635114","%","6.86013771635114","mg/g","0.472335"
"184400","70","Litter nitrogen (N) content per litter dry mass","43533","Populus tremuloides","1322032","0.562831788957472","%","5.62831788957472","mg/g","0.864999"
"184406","70","Litter nitrogen (N) content per litter dry mass","43533","Populus tremuloides","1322033","0.629865578218312","%","6.29865578218312","mg/g","0.611732"
"184412","70","Litter nitrogen (N) content per litter dry mass","43533","Populus tremuloides","1322034","0.673709861980962","%","6.73709861980962","mg/g","0.501879"
"184418","70","Litter nitrogen (N) content per litter dry mass","43533","Populus tremuloides","1322035","0.825236061648722","%","8.25236061648722","mg/g","1.37644"
"184424","70","Litter nitrogen (N) content per litter dry mass","43533","Populus tremuloides","1322036","0.423204465088034","%","4.23204465088034","mg/g","2.3467"
"184430","70","Litter nitrogen (N) content per litter dry mass","43533","Populus tremuloides","1322037","0.380383341588078","%","3.80383341588078","mg/g","2.94143"
"184436","70","Litter nitrogen (N) content per litter dry mass","43533","Populus tremuloides","1322038","0.419369274189909","%","4.19369274189909","mg/g","2.39745"
"184442","70","Litter nitrogen (N) content per litter dry mass","43533","Populus tremuloides","1322039","0.493471044684758","%","4.93471044684758","mg/g","1.49031"
"184448","70","Litter nitrogen (N) content per litter dry mass","43533","Populus tremuloides","1322040","0.840105914182411","%","8.40105914182411","mg/g","1.476"
"184454","70","Litter nitrogen (N) content per litter dry mass","43533","Populus tremuloides","1322041","0.597941910690604","%","5.97941910690604","mg/g","0.69664"
"184460","70","Litter nitrogen (N) content per litter dry mass","43533","Populus tremuloides","1322042","0.609452432354475","%","6.09452432354475","mg/g","0.665514"
"184466","70","Litter nitrogen (N) content per litter dry mass","43533","Populus tremuloides","1322043","0.619256526488797","%","6.19256526488797","mg/g","0.639462"
"184472","70","Litter nitrogen (N) content per litter dry mass","43533","Populus tremuloides","1322044","0.679006132528642","%","6.79006132528642","mg/g","0.489096"
"184478","70","Litter nitrogen (N) content per litter dry mass","43533","Populus tremuloides","1322045","0.696886898530502","%","6.96886898530502","mg/g","0.446664"
"184484","70","Litter nitrogen (N) content per litter dry mass","7355","Betula papyrifera","1322046","2.39754680293148","%","23.9754680293148","mg/g","6.86307"
"184490","70","Litter nitrogen (N) content per litter dry mass","7355","Betula papyrifera","1322047","0.633539681765812","%","6.33539681765812","mg/g","1.01749"
"184496","70","Litter nitrogen (N) content per litter dry mass","7355","Betula papyrifera","1322048","1.56132160166854","%","15.6132160166854","mg/g","4.47183"
"184502","70","Litter nitrogen (N) content per litter dry mass","7355","Betula papyrifera","1322049","1.87177152754388","%","18.7177152754388","mg/g","5.48289"
"184508","70","Litter nitrogen (N) content per litter dry mass","7355","Betula papyrifera","1322050","1.92765238002385","%","19.2765238002385","mg/g","5.6469"
"184514","70","Litter nitrogen (N) content per litter dry mass","7355","Betula papyrifera","1322051","0.488751612853936","%","4.88751612853936","mg/g","2.12824"
"184520","70","Litter nitrogen (N) content per litter dry mass","7355","Betula papyrifera","1322052","0.494982221160426","%","4.94982221160426","mg/g","2.07174"
"184526","70","Litter nitrogen (N) content per litter dry mass","7355","Betula papyrifera","1322053","0.51587796526991","%","5.1587796526991","mg/g","1.88733"
"184532","70","Litter nitrogen (N) content per litter dry mass","7355","Betula papyrifera","1322054","0.516167212328179","%","5.16167212328179","mg/g","1.88733"
"184538","70","Litter nitrogen (N) content per litter dry mass","7355","Betula papyrifera","1322055","0.52736994783944","%","5.2736994783944","mg/g","1.78906"
"184544","70","Litter nitrogen (N) content per litter dry mass","7355","Betula papyrifera","1322056","0.558950989828348","%","5.58950989828348","mg/g","1.52967"
"184550","70","Litter nitrogen (N) content per litter dry mass","7355","Betula papyrifera","1322057","0.613088661563334","%","6.13088661563334","mg/g","1.11735"
"184556","70","Litter nitrogen (N) content per litter dry mass","7355","Betula papyrifera","1322058","0.778278987447019","%","7.78278987447019","mg/g","0.590419"
"184562","70","Litter nitrogen (N) content per litter dry mass","7355","Betula papyrifera","1322059","0.557301922300109","%","5.57301922300109","mg/g","1.54285"
"184568","70","Litter nitrogen (N) content per litter dry mass","7355","Betula papyrifera","1322060","0.587086658498026","%","5.87086658498026","mg/g","1.31064"
"184574","70","Litter nitrogen (N) content per litter dry mass","7355","Betula papyrifera","1322061","0.640782498031053","%","6.40782498031053","mg/g","0.985583"
"184580","70","Litter nitrogen (N) content per litter dry mass","7355","Betula papyrifera","1322062","0.485574459119605","%","4.85574459119605","mg/g","2.15733"
"184586","70","Litter nitrogen (N) content per litter dry mass","7355","Betula papyrifera","1322063","0.963330397123787","%","9.63330397123787","mg/g","1.77965"
"184592","70","Litter nitrogen (N) content per litter dry mass","7355","Betula papyrifera","1322064","0.55543077568004","%","5.5543077568004","mg/g","1.55785"
"184598","70","Litter nitrogen (N) content per litter dry mass","7355","Betula papyrifera","1322065","0.557899870339278","%","5.57899870339278","mg/g","1.53807"
"184604","70","Litter nitrogen (N) content per litter dry mass","7355","Betula papyrifera","1322066","0.584608663446472","%","5.84608663446472","mg/g","1.3295"
"184610","70","Litter nitrogen (N) content per litter dry mass","7355","Betula papyrifera","1322067","0.628109498449882","%","6.28109498449882","mg/g","1.04166"
"184616","70","Litter nitrogen (N) content per litter dry mass","7355","Betula papyrifera","1322068","0.650945508397322","%","6.50945508397322","mg/g","0.941411"
"184622","70","Litter nitrogen (N) content per litter dry mass","7355","Betula papyrifera","1322069","0.653366722419786","%","6.53366722419786","mg/g","0.93099"
"184628","70","Litter nitrogen (N) content per litter dry mass","7355","Betula papyrifera","1322070","0.70857534779309","%","7.0857534779309","mg/g","0.703287"
"184634","70","Litter nitrogen (N) content per litter dry mass","7355","Betula papyrifera","1322071","0.384509689937443","%","3.84509689937443","mg/g","3.34068"
"184640","70","Litter nitrogen (N) content per litter dry mass","7355","Betula papyrifera","1322072","0.427844590765699","%","4.27844590765699","mg/g","2.74531"
"184646","70","Litter nitrogen (N) content per litter dry mass","7355","Betula papyrifera","1322073","0.471011246912288","%","4.71011246912288","mg/g","2.29314"
"184652","70","Litter nitrogen (N) content per litter dry mass","7355","Betula papyrifera","1322074","0.541754164675149","%","5.41754164675149","mg/g","1.66904"
"184658","70","Litter nitrogen (N) content per litter dry mass","7355","Betula papyrifera","1322075","0.648973756400355","%","6.48973756400355","mg/g","0.949927"
"184664","70","Litter nitrogen (N) content per litter dry mass","41927","Picea mariana","1322076","0.248086902352248","%","2.48086902352248","mg/g","2.89068"
"184670","70","Litter nitrogen (N) content per litter dry mass","41927","Picea mariana","1322077","0.287772762628986","%","2.87772762628986","mg/g","2.50537"
"184676","70","Litter nitrogen (N) content per litter dry mass","41927","Picea mariana","1322078","0.292103946424917","%","2.92103946424917","mg/g","2.46658"
"184682","70","Litter nitrogen (N) content per litter dry mass","41927","Picea mariana","1322079","0.312776891196562","%","3.12776891196562","mg/g","2.28902"
"184688","70","Litter nitrogen (N) content per litter dry mass","41927","Picea mariana","1322080","0.316453945742901","%","3.16453945742901","mg/g","2.25867"
"184694","70","Litter nitrogen (N) content per litter dry mass","41927","Picea mariana","1322081","0.328282312852909","%","3.28282312852909","mg/g","2.16338"
"184700","70","Litter nitrogen (N) content per litter dry mass","41927","Picea mariana","1322082","0.353216550847328","%","3.53216550847328","mg/g","1.97329"
"184706","70","Litter nitrogen (N) content per litter dry mass","41927","Picea mariana","1322083","0.409128195864492","%","4.09128195864492","mg/g","1.59173"
"184712","70","Litter nitrogen (N) content per litter dry mass","41927","Picea mariana","1322084","0.226312396565844","%","2.26312396565844","mg/g","3.12922"
"184718","70","Litter nitrogen (N) content per litter dry mass","41927","Picea mariana","1322085","0.245236450177203","%","2.45236450177203","mg/g","2.92069"
"184724","70","Litter nitrogen (N) content per litter dry mass","41927","Picea mariana","1322086","0.294836186727015","%","2.94836186727015","mg/g","2.4424"
"184730","70","Litter nitrogen (N) content per litter dry mass","41927","Picea mariana","1322087","0.318447887986158","%","3.18447887986158","mg/g","2.24236"
"184736","70","Litter nitrogen (N) content per litter dry mass","41927","Picea mariana","1322088","0.353415513426099","%","3.53415513426099","mg/g","1.97183"
"184742","70","Litter nitrogen (N) content per litter dry mass","41927","Picea mariana","1322089","0.375460626472686","%","3.75460626472686","mg/g","1.81471"
"184748","70","Litter nitrogen (N) content per litter dry mass","41927","Picea mariana","1322090","0.438848473683123","%","4.38848473683123","mg/g","1.66842"
"184754","70","Litter nitrogen (N) content per litter dry mass","41927","Picea mariana","1322091","0.482974725237911","%","4.82974725237911","mg/g","2.20257"
"184760","70","Litter nitrogen (N) content per litter dry mass","41927","Picea mariana","1322092","0.345289997312265","%","3.45289997312265","mg/g","2.03223"
"184766","70","Litter nitrogen (N) content per litter dry mass","41927","Picea mariana","1322093","0.383618742180075","%","3.83618742180075","mg/g","1.75889"
"184772","70","Litter nitrogen (N) content per litter dry mass","41927","Picea mariana","1322094","0.400286194059776","%","4.00286194059776","mg/g","1.64846"
"184778","70","Litter nitrogen (N) content per litter dry mass","41927","Picea mariana","1322095","0.420076395401212","%","4.20076395401212","mg/g","1.52315"
"184784","70","Litter nitrogen (N) content per litter dry mass","41927","Picea mariana","1322096","0.597063774728951","%","5.97063774728951","mg/g","3.38483"
"184790","70","Litter nitrogen (N) content per litter dry mass","41927","Picea mariana","1322097","0.62","%","6.2","mg/g","3.59499"
"184796","70","Litter nitrogen (N) content per litter dry mass","41927","Picea mariana","1322098","0.221891738244268","%","2.21891738244268","mg/g","3.18044"
"184802","70","Litter nitrogen (N) content per litter dry mass","41927","Picea mariana","1322099","0.222121565764222","%","2.22121565764222","mg/g","3.17775"
"184808","70","Litter nitrogen (N) content per litter dry mass","41927","Picea mariana","1322100","0.225462842834062","%","2.25462842834062","mg/g","3.13898"
"184814","70","Litter nitrogen (N) content per litter dry mass","41927","Picea mariana","1322101","0.234168467221299","%","2.34168467221299","mg/g","3.04061"
"184820","70","Litter nitrogen (N) content per litter dry mass","41927","Picea mariana","1322102","0.240966659236255","%","2.40966659236255","mg/g","2.9663"
"184826","70","Litter nitrogen (N) content per litter dry mass","41927","Picea mariana","1322103","0.250444252501479","%","2.50444252501479","mg/g","2.86613"
"184832","70","Litter nitrogen (N) content per litter dry mass","41927","Picea mariana","1322104","0.262109342261679","%","2.62109342261679","mg/g","2.74792"
"184838","70","Litter nitrogen (N) content per litter dry mass","41927","Picea mariana","1322105","0.287065393901505","%","2.87065393901505","mg/g","2.51176"
"184844","70","Litter nitrogen (N) content per litter dry mass","41927","Picea mariana","1322106","0.295433434729899","%","2.95433434729899","mg/g","2.43715"
"184850","70","Litter nitrogen (N) content per litter dry mass","41927","Picea mariana","1322107","0.349084471870834","%","3.49084471870834","mg/g","2.00385"
"184856","70","Litter nitrogen (N) content per litter dry mass","41927","Picea mariana","1322108","0.153577490810006","%","1.53577490810006","mg/g","4.18516"
"184862","70","Litter nitrogen (N) content per litter dry mass","41927","Picea mariana","1322109","0.203685734941494","%","2.03685734941494","mg/g","3.40274"
"184868","70","Litter nitrogen (N) content per litter dry mass","41927","Picea mariana","1322110","0.231130898798983","%","2.31130898798983","mg/g","3.07451"
"184874","70","Litter nitrogen (N) content per litter dry mass","41927","Picea mariana","1322111","0.233246147904786","%","2.33246147904786","mg/g","3.05086"
"184880","70","Litter nitrogen (N) content per litter dry mass","41927","Picea mariana","1322112","0.249057751854125","%","2.49057751854125","mg/g","2.88054"
"184886","70","Litter nitrogen (N) content per litter dry mass","41927","Picea mariana","1322113","0.249411836465538","%","2.49411836465538","mg/g","2.87685"
"184892","70","Litter nitrogen (N) content per litter dry mass","41927","Picea mariana","1322114","0.297873908589292","%","2.97873908589292","mg/g","2.41578"
"184898","70","Litter nitrogen (N) content per litter dry mass","41927","Picea mariana","1322115","0.320861207720899","%","3.20861207720899","mg/g","2.22276"
"184904","70","Litter nitrogen (N) content per litter dry mass","41927","Picea mariana","1322116","0.342883298026708","%","3.42883298026708","mg/g","2.05039"
"184910","70","Litter nitrogen (N) content per litter dry mass","41927","Picea mariana","1322117","0.271523808712906","%","2.71523808712906","mg/g","2.65629"
"184916","70","Litter nitrogen (N) content per litter dry mass","41927","Picea mariana","1322118","0.382825399366062","%","3.82825399366062","mg/g","1.76427"
"184922","70","Litter nitrogen (N) content per litter dry mass","41927","Picea mariana","1322119","0.391295605979796","%","3.91295605979796","mg/g","1.70744"
"184928","70","Litter nitrogen (N) content per litter dry mass","41927","Picea mariana","1322120","0.481616548415096","%","4.81616548415096","mg/g","2.18687"
"184934","70","Litter nitrogen (N) content per litter dry mass","41927","Picea mariana","1322121","0.513269438057611","%","5.13269438057611","mg/g","2.54174"
"184940","70","Litter nitrogen (N) content per litter dry mass","41927","Picea mariana","1322122","0.427723844812447","%","4.27723844812447","mg/g","1.52527"
"184946","70","Litter nitrogen (N) content per litter dry mass","41927","Picea mariana","1322123","0.525009053604587","%","5.25009053604587","mg/g","2.66782"
"184952","70","Litter nitrogen (N) content per litter dry mass","41927","Picea mariana","1322124","0.605086325345128","%","6.05086325345128","mg/g","3.45924"
"184958","70","Litter nitrogen (N) content per litter dry mass","41927","Picea mariana","1322125","0.612649165611164","%","6.12649165611164","mg/g","3.52849"
"184964","70","Litter nitrogen (N) content per litter dry mass","42100","Pinus banksiana","1322126","0.247127333653785","%","2.47127333653785","mg/g","2.90075"
"184970","70","Litter nitrogen (N) content per litter dry mass","42100","Pinus banksiana","1322127","0.256762061066149","%","2.56762061066149","mg/g","2.80144"
"184976","70","Litter nitrogen (N) content per litter dry mass","42100","Pinus banksiana","1322128","0.276401095551245","%","2.76401095551245","mg/g","2.61006"
"184982","70","Litter nitrogen (N) content per litter dry mass","42100","Pinus banksiana","1322129","0.301090887823848","%","3.01090887823848","mg/g","2.38789"
"184988","70","Litter nitrogen (N) content per litter dry mass","42100","Pinus banksiana","1322130","0.403446014553477","%","4.03446014553477","mg/g","1.62804"
"184994","70","Litter nitrogen (N) content per litter dry mass","42100","Pinus banksiana","1322131","0.512915592449493","%","5.12915592449493","mg/g","2.10181"
"185000","70","Litter nitrogen (N) content per litter dry mass","42100","Pinus banksiana","1322132","0.249868175520115","%","2.49868175520115","mg/g","2.87211"
"185006","70","Litter nitrogen (N) content per litter dry mass","42100","Pinus banksiana","1322133","0.259259938762028","%","2.59259938762028","mg/g","2.7763"
"185012","70","Litter nitrogen (N) content per litter dry mass","42100","Pinus banksiana","1322134","0.268511267492583","%","2.68511267492583","mg/g","2.68526"
"185018","70","Litter nitrogen (N) content per litter dry mass","42100","Pinus banksiana","1322135","0.274710284606966","%","2.74710284606966","mg/g","2.62599"
"185024","70","Litter nitrogen (N) content per litter dry mass","42100","Pinus banksiana","1322136","0.288060193723898","%","2.88060193723898","mg/g","2.50277"
"185030","70","Litter nitrogen (N) content per litter dry mass","42100","Pinus banksiana","1322137","0.292361546140404","%","2.92361546140404","mg/g","2.46429"
"185036","70","Litter nitrogen (N) content per litter dry mass","42100","Pinus banksiana","1322138","0.311505247493991","%","3.11505247493991","mg/g","2.2996"
"185042","70","Litter nitrogen (N) content per litter dry mass","42100","Pinus banksiana","1322139","0.346008259813373","%","3.46008259813373","mg/g","2.02683"
"185048","70","Litter nitrogen (N) content per litter dry mass","42100","Pinus banksiana","1322140","0.244856860023955","%","2.44856860023955","mg/g","2.92471"
"185054","70","Litter nitrogen (N) content per litter dry mass","42100","Pinus banksiana","1322141","0.298253018602774","%","2.98253018602774","mg/g","2.41248"
"185060","70","Litter nitrogen (N) content per litter dry mass","42100","Pinus banksiana","1322142","0.32451201997641","%","3.2451201997641","mg/g","2.19338"
"185066","70","Litter nitrogen (N) content per litter dry mass","42100","Pinus banksiana","1322143","0.338075692173091","%","3.38075692173091","mg/g","2.08705"
"185072","70","Litter nitrogen (N) content per litter dry mass","42100","Pinus banksiana","1322144","0.381758569329593","%","3.81758569329593","mg/g","1.77152"
"185078","70","Litter nitrogen (N) content per litter dry mass","42100","Pinus banksiana","1322145","0.39427653155946","%","3.9427653155946","mg/g","1.68774"
"185084","70","Litter nitrogen (N) content per litter dry mass","42100","Pinus banksiana","1322146","0.42877199623739","%","4.2877199623739","mg/g","1.46995"
"185090","70","Litter nitrogen (N) content per litter dry mass","42100","Pinus banksiana","1322147","0.47528288630532","%","4.7528288630532","mg/g","1.67698"
"185096","70","Litter nitrogen (N) content per litter dry mass","42100","Pinus banksiana","1322148","0.41004735699947","%","4.1004735699947","mg/g","1.5859"
"185102","70","Litter nitrogen (N) content per litter dry mass","42100","Pinus banksiana","1322149","0.45","%","4.5","mg/g","1.37223"
"185108","70","Litter nitrogen (N) content per litter dry mass","42100","Pinus banksiana","1322150","0","%","","mg/g",""
"185114","70","Litter nitrogen (N) content per litter dry mass","42100","Pinus banksiana","1322151","0.208783166232308","%","2.08783166232308","mg/g","3.33856"
"185120","70","Litter nitrogen (N) content per litter dry mass","42100","Pinus banksiana","1322152","0.221014937415328","%","2.21014937415328","mg/g","3.19072"
"185126","70","Litter nitrogen (N) content per litter dry mass","42100","Pinus banksiana","1322153","0.253173434974348","%","2.53173434974348","mg/g","2.83798"
"185132","70","Litter nitrogen (N) content per litter dry mass","42100","Pinus banksiana","1322154","0.26497430486234","%","2.6497430486234","mg/g","2.71969"
"185138","70","Litter nitrogen (N) content per litter dry mass","42100","Pinus banksiana","1322155","0.289179834071236","%","2.89179834071236","mg/g","2.4927"
"185144","70","Litter nitrogen (N) content per litter dry mass","42100","Pinus banksiana","1322156","0.294693526598269","%","2.94693526598269","mg/g","2.44366"
"185150","70","Litter nitrogen (N) content per litter dry mass","42100","Pinus banksiana","1322157","0.300611592748182","%","3.00611592748182","mg/g","2.39203"
"185156","70","Litter nitrogen (N) content per litter dry mass","42100","Pinus banksiana","1322158","0.308747689984","%","3.08747689984","mg/g","2.32269"
"185162","70","Litter nitrogen (N) content per litter dry mass","42100","Pinus banksiana","1322159","0.31296611073733","%","3.1296611073733","mg/g","2.28745"
"185168","70","Litter nitrogen (N) content per litter dry mass","42100","Pinus banksiana","1322160","0.326473506005866","%","3.26473506005866","mg/g","2.17773"
"185174","70","Litter nitrogen (N) content per litter dry mass","42100","Pinus banksiana","1322161","0.361750502737856","%","3.61750502737856","mg/g","1.9113"
"185180","70","Litter nitrogen (N) content per litter dry mass","42100","Pinus banksiana","1322162","0.406545807922913","%","4.06545807922913","mg/g","1.60817"
"185186","70","Litter nitrogen (N) content per litter dry mass","42100","Pinus banksiana","1322163","0.43696886859115","%","4.3696886859115","mg/g","1.42078"
"185192","70","Litter nitrogen (N) content per litter dry mass","42100","Pinus banksiana","1322164","0.574786046360805","%","5.74786046360805","mg/g","2.73674"
"185198","70","Litter nitrogen (N) content per litter dry mass","32372","Larix laricina","1322165","0.247931334986879","%","2.47931334986879","mg/g","3.35021"
"185204","70","Litter nitrogen (N) content per litter dry mass","32372","Larix laricina","1322166","0.356188405850214","%","3.56188405850214","mg/g","1.95154"
"185210","70","Litter nitrogen (N) content per litter dry mass","32372","Larix laricina","1322167","0.425359543075779","%","4.25359543075779","mg/g","1.4907"
"185216","70","Litter nitrogen (N) content per litter dry mass","32372","Larix laricina","1322168","0.516519349354202","%","5.16519349354202","mg/g","0.986494"
"185222","70","Litter nitrogen (N) content per litter dry mass","32372","Larix laricina","1322169","0.645608829011422","%","6.45608829011422","mg/g","1.98541"
"185228","70","Litter nitrogen (N) content per litter dry mass","32372","Larix laricina","1322170","0.701298915102691","%","7.01298915102691","mg/g","2.4467"
"185234","70","Litter nitrogen (N) content per litter dry mass","32372","Larix laricina","1322171","0.439979617379033","%","4.39979617379033","mg/g","1.40295"
"238515","70","Litter nitrogen (N) content per litter dry mass","402740","unknown","1792825","2.15","%","21.5","mg/g","1.39246"
"238524","70","Litter nitrogen (N) content per litter dry mass","402740","unknown","1792826","1.81","%","18.1","mg/g","1.11144"
"238533","70","Litter nitrogen (N) content per litter dry mass","402740","unknown","1792827","2.43","%","24.3","mg/g","1.59231"
"238542","70","Litter nitrogen (N) content per litter dry mass","402740","unknown","1792828","1.8","%","18","mg/g","1.1024"
"238551","70","Litter nitrogen (N) content per litter dry mass","402740","unknown","1792829","2.27","%","22.7","mg/g","1.48112"
"238560","70","Litter nitrogen (N) content per litter dry mass","402740","unknown","1792830","2.36","%","23.6","mg/g","1.54459"
"238569","70","Litter nitrogen (N) content per litter dry mass","402740","unknown","1792831","2.05","%","20.5","mg/g","1.31471"
"238578","70","Litter nitrogen (N) content per litter dry mass","402740","unknown","1792832","1.55","%","15.5","mg/g","1.11456"
"238587","70","Litter nitrogen (N) content per litter dry mass","402740","unknown","1792833","1.91","%","19.1","mg/g","1.19923"
"238596","70","Litter nitrogen (N) content per litter dry mass","402740","unknown","1792834","2.62","%","26.2","mg/g","1.81192"
"238605","70","Litter nitrogen (N) content per litter dry mass","402740","unknown","1792835","1.67","%","16.7","mg/g","0.980027"
"238613","70","Litter nitrogen (N) content per litter dry mass","402740","unknown","1792836","2.17","%","21.7","mg/g","1.40757"
"238622","70","Litter nitrogen (N) content per litter dry mass","402740","unknown","1792837","2.08","%","20.8","mg/g","1.33842"
"238631","70","Litter nitrogen (N) content per litter dry mass","402740","unknown","1792838","1.54","%","15.4","mg/g","1.15064"
"238640","70","Litter nitrogen (N) content per litter dry mass","402740","unknown","1792839","1.75","%","17.5","mg/g","1.05641"
"238649","70","Litter nitrogen (N) content per litter dry mass","402740","unknown","1792840","1.66","%","16.6","mg/g","0.970223"
"238658","70","Litter nitrogen (N) content per litter dry mass","402740","unknown","1792841","1.59","%","15.9","mg/g","0.972511"
"238666","70","Litter nitrogen (N) content per litter dry mass","402740","unknown","1792842","1.66","%","16.6","mg/g","0.970223"
"238674","70","Litter nitrogen (N) content per litter dry mass","402740","unknown","1792843","1.79","%","17.9","mg/g","1.09331"
"238682","70","Litter nitrogen (N) content per litter dry mass","402740","unknown","1792844","1.93","%","19.3","mg/g","1.21624"
"238690","70","Litter nitrogen (N) content per litter dry mass","402740","unknown","1792845","1.62","%","16.2","mg/g","0.930405"
"238699","70","Litter nitrogen (N) content per litter dry mass","402740","unknown","1792846","1.84","%","18.4","mg/g","1.13828"
"238708","70","Litter nitrogen (N) content per litter dry mass","402740","unknown","1792847","1.7","%","17","mg/g","1.00909"
"238716","70","Litter nitrogen (N) content per litter dry mass","402740","unknown","1792848","1.98","%","19.8","mg/g","1.25799"
"238724","70","Litter nitrogen (N) content per litter dry mass","402740","unknown","1792849","2.2","%","22","mg/g","1.42999"
"238732","70","Litter nitrogen (N) content per litter dry mass","402740","unknown","1792850","1.61","%","16.1","mg/g","0.920297"
"238740","70","Litter nitrogen (N) content per litter dry mass","402740","unknown","1792851","1.92","%","19.2","mg/g","1.20776"
